ay,yillik_degisim,aylik_degisim
2005-01,9.24,0.55
2005-02,8.69,0.02
2005-03,7.94,0.26
2005-04,8.18,0.71
2005-05,8.70,0.92
2005-06,8.95,0.10
2005-07,7.82,-0.57
2005-08,7.91,0.85
2005-09,7.99,1.02
2005-10,7.52,1.79
2005-11,7.61,1.40
2005-12,7.72,0.42
2006-01,7.93,0.75
2006-02,8.15,0.22
2006-03,8.16,0.27
2006-04,8.83,1.34
2006-05,9.86,1.88
2006-06,10.12,0.34
2006-07,11.69,0.85
2006-08,10.26,-0.44
2006-09,10.55,1.29
2006-10,9.98,1.27
2006-11,9.86,1.29
2006-12,9.65,0.23
2007-01,9.93,1.00
2007-02,10.16,0.43
2007-03,10.86,0.92
2007-04,10.72,1.21
2007-05,9.23,0.50
2007-06,8.60,-0.24
2007-07,6.90,-0.73
2007-08,7.39,0.02
2007-09,7.12,1.03
2007-10,7.70,1.81
2007-11,8.40,1.95
2007-12,8.39,0.22
2008-01,8.17,0.80
2008-02,9.10,1.29
2008-03,9.15,0.96
2008-04,9.66,1.68
2008-05,10.74,1.49
2008-06,10.61,-0.36
2008-07,12.06,0.58
2008-08,11.77,-0.24
2008-09,11.13,0.45
2008-10,11.99,2.60
2008-11,10.76,0.83
2008-12,10.06,-0.41
2009-01,9.50,0.29
2009-02,7.73,-0.34
2009-03,7.89,1.10
2009-04,6.13,0.02
2009-05,5.24,0.64
2009-06,5.73,0.11
2009-07,5.39,0.25
2009-08,5.33,-0.30
2009-09,5.27,0.39
2009-10,5.08,2.41
2009-11,5.53,1.27
2009-12,6.53,0.53
2010-01,8.19,1.85
2010-02,10.13,1.45
2010-03,9.56,0.58
2010-04,10.19,0.60
2010-05,9.10,-0.36
2010-06,8.37,-0.56
2010-07,7.58,-0.48
2010-08,8.33,0.40
2010-09,9.24,1.23
2010-10,8.62,1.83
2010-11,7.29,0.03
2010-12,6.40,-0.30
2011-01,4.90,0.41
2011-02,4.16,0.73
2011-03,3.99,0.42
2011-04,4.26,0.87
2011-05,7.17,2.42
2011-06,6.24,-1.43
2011-07,6.31,-0.41
2011-08,6.65,0.73
2011-09,6.15,0.75
2011-10,7.66,3.27
2011-11,9.48,1.73
2011-12,10.45,0.58
2012-01,10.61,0.56
2012-02,10.43,0.56
2012-03,10.43,0.41
2012-04,11.14,1.52
2012-05,8.28,-0.21
2012-06,8.87,-0.90
2012-07,9.07,-0.23
2012-08,8.88,0.56
2012-09,9.19,1.03
2012-10,7.80,1.96
2012-11,6.37,0.38
2012-12,6.16,0.38
2013-01,7.31,1.65
2013-02,7.03,0.30
2013-03,7.29,0.66
2013-04,6.13,0.42
2013-05,6.51,0.15
2013-06,8.30,0.76
2013-07,8.88,0.31
2013-08,8.17,-0.10
2013-09,7.88,0.77
2013-10,7.71,1.80
2013-11,7.32,0.01
2013-12,7.4,0.46
2014-01,7.75,1.98
2014-02,7.89,0.43
2014-03,8.39,1.13
2014-04,9.38,1.34
2014-05,9.66,0.40
2014-06,9.16,0.31
2014-07,9.32,0.45
2014-08,9.54,0.09
2014-09,8.86,0.14
2014-10,8.96,1.90
2014-11,9.15,0.18
2014-12,8.17,-0.44
2015-01,7.24,1.10
2015-02,7.55,0.71
2015-03,7.61,1.19
2015-04,7.91,1.63
2015-05,8.09,0.56
2015-06,7.20,-0.51
2015-07,6.81,0.09
2015-08,7.14,0.40
2015-09,7.95,0.89
2015-10,7.58,1.55
2015-11,8.10,0.67
2015-12,8.81,0.21
2016-01,9.58,1.82
2016-02,8.78,-0.02
2016-03,7.46,-0.04
2016-04,6.57,0.78
2016-05,6.58,0.58
2016-06,7.64,0.47
2016-07,8.79,1.16
2016-08,8.05,-0.29
2016-09,7.28,0.18
2016-10,7.16,1.44
2016-11,7.00,0.52
2016-12,8.53,1.64
2017-01,9.22,2.46
2017-02,10.13,0.81
2017-03,11.29,1.02
2017-04,11.87,1.31
2017-05,11.72,0.45
2017-06,10.90,-0.27
2017-07,9.79,0.15
2017-08,10.68,0.52
2017-09,11.20,0.65
2017-10,11.90,2.08
2017-11,12.98,1.49
2017-12,11.92,0.69
2018-01,10.35,1.02
2018-02,10.26,0.73
2018-03,10.23,0.99
2018-04,10.85,1.87
2018-05,12.15,1.62
2018-06,15.39,2.61
2018-07,15.85,0.55
2018-08,17.90,2.30
2018-09,24.52,6.30
2018-10,25.24,2.67
2018-11,21.62,-1.44
2018-12,20.30,-0.40
2019-01,20.35,1.06
2019-02,19.67,0.16
2019-03,19.71,1.03
2019-04,19.50,1.69
2019-05,18.71,0.95
2019-06,15.72,0.03
2019-07,16.65,1.36
2019-08,15.01,0.86
2019-09,9.26,0.99
2019-10,8.55,2.00
2019-11,10.56,0.38
2019-12,11.84,0.74
2020-01,12.15,1.35
2020-02,12.37,0.35
2020-03,11.86,0.57
2020-04,10.94,0.85
2020-05,11.39,1.36
2020-06,12.62,1.13
2020-07,11.76,0.58
2020-08,11.77,0.86
2020-09,11.75,0.97
2020-10,11.89,2.13
2020-11,14.03,2.30
2020-12,14.60,1.25
2021-01,14.97,1.68
2021-02,15.61,0.91
2021-03,16.19,1.08
2021-04,17.14,1.68
2021-05,16.59,0.89
2021-06,17.53,1.94
2021-07,18.95,1.80
2021-08,19.25,1.12
2021-09,19.58,1.25
2021-10,19.89,2.39
2021-11,21.31,3.51
2021-12,36.08,13.58
2022-01,48.69,11.10
2022-02,54.44,4.81
2022-03,61.14,5.46
2022-04,69.97,7.25
2022-05,73.50,2.98
2022-06,78.62,4.95
2022-07,79.60,2.37
2022-08,80.21,1.46
2022-09,83.45,3.08
2022-10,85.51,3.54
2022-11,84.39,2.88
2022-12,64.27,1.18
2023-01,57.68,6.65
2023-02,55.18,3.15
2023-03,50.51,2.29
2023-04,43.68,2.39
2023-05,39.59,0.04
2023-06,38.21,3.92
2023-07,47.83,9.49
2023-08,58.94,9.09
2023-09,61.53,4.75
2023-10,61.36,3.43
2023-11,61.98,3.28
2023-12,64.77,2.93
2024-01,64.86,6.70
2024-02,67.07,4.53
2024-03,68.50,3.16
2024-04,69.80,3.18
2024-05,75.45,3.37
2024-06,71.60,1.64
2024-07,61.78,3.23
2024-08,51.97,2.47
2024-09,49.38,2.97
2024-10,48.58,2.88
2024-11,47.09,2.24
2024-12,44.38,1.03
2025-01,42.12,5.03
2025-02,39.05,2.27
2025-03,38.10,2.46
2025-04,37.86,3.00
2025-05,35.41,1.53
2025-06,35.05,1.37
2025-07,33.52,2.06
2025-08,32.95,2.04
2025-09,33.29,3.23
2025-10,32.87,2.55
2025-11,31.07,0.87
2025-12,30.89,0.89
2026-01,30.65,4.84
2026-02,31.53,2.96
2026-03,30.87,1.94
2026-04,32.37,4.18
2026-05,32.61,1.71
2026-06,32.11,0.99
2026-07,31.75,1.78
2026-08,31.51,1.84
2026-09,29.73,1.84
